"cell_id","sample_id","condition","truth_cell_type","truth_qc_class","doublet_source_1","doublet_source_2"
"BC0001-1","S1","control","CD4 T","high_quality",,
"BC0002-1","S3","stimulated","CD4 T","high_quality",,
"BC0003-1","S4","stimulated","CD4 T","high_quality",,
"BC0004-1","S1","control","CD8 T","low_quality",,
"BC0005-1","S1","control","B","high_quality",,
"BC0006-1","S4","stimulated","B","stressed",,
"BC0007-1","S3","stimulated","CD8 T","high_quality",,
"BC0008-1","S3","stimulated","CD4 T","high_quality",,
"BC0009-1","S1","control","CD8 T","stressed",,
"BC0010-1","S4","stimulated","Monocyte","high_quality",,
"BC0011-1","S2","control","CD8 T","stressed",,
"BC0012-1","S3","stimulated","CD8 T","high_quality",,
"BC0013-1","S2","control","NK","high_quality",,
"BC0014-1","S3","stimulated","B","low_quality",,
"BC0015-1","S3","stimulated","CD4 T","high_quality",,
"BC0016-1","S3","stimulated","NK","high_quality",,
"BC0017-1","S3","stimulated","Monocyte","high_quality",,
"BC0018-1","S4","stimulated","B","high_quality",,
"BC0019-1","S1","control","CD8 T","high_quality",,
"BC0020-1","S4","stimulated","B","high_quality",,
"BC0021-1","S2","control","CD8 T","high_quality",,
"BC0022-1","S4","stimulated","NK","high_quality",,
"BC0023-1","S4","stimulated","NK","high_quality",,
"BC0024-1","S1","control","CD4 T","high_quality",,
"BC0025-1","S1","control","B","high_quality",,
"BC0026-1","S3","stimulated","Monocyte","high_quality",,
"BC0027-1","S3","stimulated","Monocyte","high_quality",,
"BC0028-1","S3","stimulated","Monocyte","high_quality",,
"BC0029-1","S3","stimulated","CD8 T","high_quality",,
"BC0030-1","S3","stimulated","B","high_quality",,
"BC0031-1","S4","stimulated","NK","ambient_high",,
"BC0032-1","S1","control","CD4 T","high_quality",,
"BC0033-1","S4","stimulated","CD4 T","high_quality",,
"BC0034-1","S4","stimulated","CD8 T","high_quality",,
"BC0035-1","S2","control","Monocyte","high_quality",,
"BC0036-1","S4","stimulated","Monocyte","stressed",,
"BC0037-1","S2","control","CD8 T","high_quality",,
"BC0038-1","S3","stimulated","NK","high_quality",,
"BC0039-1","S4","stimulated","Monocyte","high_quality",,
"BC0040-1","S3","stimulated","NK","high_quality",,
"BC0041-1","S2","control","CD4 T","stressed",,
"BC0042-1","S3","stimulated","CD4 T","high_quality",,
"BC0043-1","S4","stimulated","B","low_quality",,
"BC0044-1","S1","control","CD4 T","low_quality",,
"BC0045-1","S2","control","B","ambient_high",,
"BC0046-1","S4","stimulated","CD4 T","high_quality",,
"BC0047-1","S3","stimulated","CD4 T","high_quality",,
"BC0048-1","S2","control","NK","high_quality",,
"BC0049-1","S4","stimulated","CD8 T","high_quality",,
"BC0050-1","S4","stimulated","NK","ambient_high",,
"BC0051-1","S4","stimulated","NK","high_quality",,
"BC0052-1","S2","control","CD8 T","high_quality",,
"BC0053-1","S2","control","CD4 T","high_quality",,
"BC0054-1","S2","control","CD8 T","ambient_high",,
"BC0055-1","S3","stimulated","CD8 T","high_quality",,
"BC0056-1","S4","stimulated","CD4 T","high_quality",,
"BC0057-1","S4","stimulated","CD8 T","high_quality",,
"BC0058-1","S1","control","CD8 T","high_quality",,
"BC0059-1","S1","control","Monocyte","low_quality",,
"BC0060-1","S1","control","B","high_quality",,
"BC0061-1","S1","control","Monocyte","high_quality",,
"BC0062-1","S4","stimulated","B","high_quality",,
"BC0063-1","S4","stimulated","CD4 T","high_quality",,
"BC0064-1","S2","control","CD4 T","high_quality",,
"BC0065-1","S2","control","NK","high_quality",,
"BC0066-1","S2","control","B","high_quality",,
"BC0067-1","S1","control","CD8 T","high_quality",,
"BC0068-1","S1","control","CD4 T","low_quality",,
"BC0069-1","S4","stimulated","B","high_quality",,
"BC0070-1","S2","control","Monocyte","high_quality",,
"BC0071-1","S3","stimulated","B","high_quality",,
"BC0072-1","S2","control","B","high_quality",,
"BC0073-1","S3","stimulated","CD8 T","high_quality",,
"BC0074-1","S4","stimulated","CD4 T","high_quality",,
"BC0075-1","S2","control","NK","high_quality",,
"BC0076-1","S3","stimulated","CD8 T","high_quality",,
"BC0077-1","S1","control","CD8 T","high_quality",,
"BC0078-1","S4","stimulated","B","high_quality",,
"BC0079-1","S1","control","CD8 T","stressed",,
"BC0080-1","S1","control","CD4 T","high_quality",,
"BC0081-1","S1","control","NK","high_quality",,
"BC0082-1","S1","control","CD4 T","high_quality",,
"BC0083-1","S1","control","CD4 T","high_quality",,
"BC0084-1","S1","control","CD8 T","high_quality",,
"BC0085-1","S2","control","B","high_quality",,
"BC0086-1","S1","control","NK","high_quality",,
"BC0087-1","S4","stimulated","NK","high_quality",,
"BC0088-1","S1","control","NK","high_quality",,
"BC0089-1","S3","stimulated","B","ambient_high",,
"BC0090-1","S1","control","NK","stressed",,
"BC0091-1","S1","control","CD4 T","stressed",,
"BC0092-1","S3","stimulated","CD8 T","low_quality",,
"BC0093-1","S3","stimulated","Monocyte","high_quality",,
"BC0094-1","S2","control","Monocyte","high_quality",,
"BC0095-1","S1","control","CD8 T","high_quality",,
"BC0096-1","S2","control","B","high_quality",,
"BC0097-1","S3","stimulated","CD8 T","high_quality",,
"BC0098-1","S3","stimulated","B","high_quality",,
"BC0099-1","S3","stimulated","CD4 T","stressed",,
"BC0100-1","S3","stimulated","Monocyte","high_quality",,
"BC0101-1","S4","stimulated","Monocyte","ambient_high",,
"BC0102-1","S3","stimulated","CD4 T","high_quality",,
"BC0103-1","S2","control","Monocyte","high_quality",,
"BC0104-1","S3","stimulated","B","high_quality",,
"BC0105-1","S4","stimulated","CD8 T","stressed",,
"BC0106-1","S4","stimulated","CD8 T","high_quality",,
"BC0107-1","S2","control","CD4 T","high_quality",,
"BC0108-1","S2","control","Monocyte","high_quality",,
"BC0109-1","S2","control","NK","high_quality",,
"BC0110-1","S4","stimulated","CD4 T","high_quality",,
"BC0111-1","S4","stimulated","CD8 T","stressed",,
"BC0112-1","S2","control","CD8 T","high_quality",,
"BC0113-1","S4","stimulated","CD4 T","high_quality",,
"BC0114-1","S2","control","NK","high_quality",,
"BC0115-1","S3","stimulated","CD4 T","ambient_high",,
"BC0116-1","S2","control","CD4 T","high_quality",,
"BC0117-1","S2","control","NK","high_quality",,
"BC0118-1","S4","stimulated","Monocyte","high_quality",,
"BC0119-1","S4","stimulated","Monocyte","high_quality",,
"BC0120-1","S3","stimulated","NK","low_quality",,
"BC0121-1","S3","stimulated","NK","high_quality",,
"BC0122-1","S4","stimulated","CD8 T","high_quality",,
"BC0123-1","S3","stimulated","NK","high_quality",,
"BC0124-1","S2","control","CD8 T","high_quality",,
"BC0125-1","S4","stimulated","B","high_quality",,
"BC0126-1","S4","stimulated","Monocyte","high_quality",,
"BC0127-1","S3","stimulated","CD8 T","ambient_high",,
"BC0128-1","S4","stimulated","NK","ambient_high",,
"BC0129-1","S2","control","CD8 T","high_quality",,
"BC0130-1","S3","stimulated","CD8 T","high_quality",,
"BC0131-1","S3","stimulated","CD8 T","high_quality",,
"BC0132-1","S1","control","Monocyte","low_quality",,
"BC0133-1","S3","stimulated","CD8 T","high_quality",,
"BC0134-1","S2","control","Monocyte","high_quality",,
"BC0135-1","S2","control","CD4 T","high_quality",,
"BC0136-1","S1","control","CD8 T","high_quality",,
"BC0137-1","S4","stimulated","B","high_quality",,
"BC0138-1","S4","stimulated","B","high_quality",,
"BC0139-1","S3","stimulated","Monocyte","high_quality",,
"BC0140-1","S2","control","Monocyte","stressed",,
"BC0141-1","S1","control","B","high_quality",,
"BC0142-1","S1","control","B","high_quality",,
"BC0143-1","S3","stimulated","B","high_quality",,
"BC0144-1","S1","control","CD4 T","high_quality",,
"BC0145-1","S4","stimulated","NK","high_quality",,
"BC0146-1","S3","stimulated","CD4 T","high_quality",,
"BC0147-1","S3","stimulated","B","high_quality",,
"BC0148-1","S4","stimulated","B","high_quality",,
"BC0149-1","S4","stimulated","NK","high_quality",,
"BC0150-1","S3","stimulated","B","high_quality",,
"BC0151-1","S3","stimulated","CD8 T","high_quality",,
"BC0152-1","S4","stimulated","NK","high_quality",,
"BC0153-1","S1","control","CD8 T","high_quality",,
"BC0154-1","S1","control","CD4 T","high_quality",,
"BC0155-1","S1","control","CD8 T","high_quality",,
"BC0156-1","S1","control","Monocyte","low_quality",,
"BC0157-1","S3","stimulated","NK","ambient_high",,
"BC0158-1","S3","stimulated","CD8 T","high_quality",,
"BC0159-1","S1","control","B","high_quality",,
"BC0160-1","S3","stimulated","B","low_quality",,
"BC0161-1","S4","stimulated","B","high_quality",,
"BC0162-1","S3","stimulated","CD8 T","high_quality",,
"BC0163-1","S4","stimulated","CD8 T","high_quality",,
"BC0164-1","S4","stimulated","CD4 T","high_quality",,
"BC0165-1","S2","control","CD4 T","ambient_high",,
"BC0166-1","S2","control","NK","stressed",,
"BC0167-1","S3","stimulated","B","high_quality",,
"BC0168-1","S2","control","NK","high_quality",,
"BC0169-1","S3","stimulated","B","low_quality",,
"BC0170-1","S1","control","Monocyte","high_quality",,
"BC0171-1","S1","control","CD4 T","high_quality",,
"BC0172-1","S3","stimulated","CD8 T","high_quality",,
"BC0173-1","S4","stimulated","CD4 T","ambient_high",,
"BC0174-1","S1","control","NK","high_quality",,
"BC0175-1","S1","control","CD4 T","stressed",,
"BC0176-1","S1","control","CD4 T","high_quality",,
"BC0177-1","S4","stimulated","NK","high_quality",,
"BC0178-1","S3","stimulated","NK","high_quality",,
"BC0179-1","S3","stimulated","CD4 T","high_quality",,
"BC0180-1","S3","stimulated","Monocyte","stressed",,
"BC0181-1","S1","control","CD8 T","high_quality",,
"BC0182-1","S2","control","Monocyte","high_quality",,
"BC0183-1","S4","stimulated","CD4 T","high_quality",,
"BC0184-1","S1","control","B","high_quality",,
"BC0185-1","S1","control","B","high_quality",,
"BC0186-1","S1","control","CD8 T","high_quality",,
"BC0187-1","S3","stimulated","Monocyte","high_quality",,
"BC0188-1","S4","stimulated","CD4 T","high_quality",,
"BC0189-1","S4","stimulated","CD8 T","high_quality",,
"BC0190-1","S2","control","CD8 T","high_quality",,
"BC0191-1","S3","stimulated","CD4 T","high_quality",,
"BC0192-1","S3","stimulated","NK","high_quality",,
"BC0193-1","S3","stimulated","Monocyte","high_quality",,
"BC0194-1","S2","control","Monocyte","high_quality",,
"BC0195-1","S3","stimulated","CD4 T","high_quality",,
"BC0196-1","S2","control","B","ambient_high",,
"BC0197-1","S1","control","CD8 T","high_quality",,
"BC0198-1","S4","stimulated","CD4 T","high_quality",,
"BC0199-1","S1","control","CD4 T","high_quality",,
"BC0200-1","S3","stimulated","Monocyte","high_quality",,
"BC0201-1","S2","control","B","high_quality",,
"BC0202-1","S2","control","NK","high_quality",,
"BC0203-1","S2","control","B","high_quality",,
"BC0204-1","S2","control","CD8 T","high_quality",,
"BC0205-1","S1","control","NK","stressed",,
"BC0206-1","S1","control","CD8 T","ambient_high",,
"BC0207-1","S4","stimulated","Monocyte","high_quality",,
"BC0208-1","S3","stimulated","CD8 T","low_quality",,
"BC0209-1","S3","stimulated","B","stressed",,
"BC0210-1","S3","stimulated","CD4 T","high_quality",,
"BC0211-1","S1","control","Monocyte","high_quality",,
"BC0212-1","S3","stimulated","CD8 T","high_quality",,
"BC0213-1","S3","stimulated","B","high_quality",,
"BC0214-1","S1","control","CD8 T","high_quality",,
"BC0215-1","S1","control","Monocyte","high_quality",,
"BC0216-1","S1","control","Monocyte","high_quality",,
"BC0217-1","S4","stimulated","Monocyte","high_quality",,
"BC0218-1","S1","control","B","high_quality",,
"BC0219-1","S2","control","NK","ambient_high",,
"BC0220-1","S3","stimulated","CD8 T","high_quality",,
"BC0221-1","S3","stimulated","CD4 T","high_quality",,
"BC0222-1","S4","stimulated","CD8 T","high_quality",,
"BC0223-1","S3","stimulated","NK","low_quality",,
"BC0224-1","S4","stimulated","NK","low_quality",,
"BC0225-1","S3","stimulated","NK","high_quality",,
"BC0226-1","S4","stimulated","CD8 T","low_quality",,
"BC0227-1","S1","control","CD8 T","ambient_high",,
"BC0228-1","S3","stimulated","NK","ambient_high",,
"BC0229-1","S1","control","CD4 T","stressed",,
"BC0230-1","S1","control","CD8 T","high_quality",,
"BC0231-1","S2","control","Monocyte","high_quality",,
"BC0232-1","S4","stimulated","Monocyte","high_quality",,
"BC0233-1","S4","stimulated","CD8 T","high_quality",,
"BC0234-1","S4","stimulated","NK","high_quality",,
"BC0235-1","S1","control","CD4 T","ambient_high",,
"BC0236-1","S1","control","NK","ambient_high",,
"BC0237-1","S2","control","Monocyte","ambient_high",,
"BC0238-1","S1","control","Monocyte","high_quality",,
"BC0239-1","S2","control","B","high_quality",,
"BC0240-1","S2","control","CD4 T","high_quality",,
"BC0241-1","S2","control","CD8 T","high_quality",,
"BC0242-1","S2","control","CD4 T","high_quality",,
"BC0243-1","S4","stimulated","CD4 T","high_quality",,
"BC0244-1","S1","control","B","high_quality",,
"BC0245-1","S3","stimulated","CD8 T","high_quality",,
"BC0246-1","S4","stimulated","NK","stressed",,
"BC0247-1","S4","stimulated","CD4 T","high_quality",,
"BC0248-1","S1","control","CD8 T","low_quality",,
"BC0249-1","S4","stimulated","NK","high_quality",,
"BC0250-1","S1","control","B","high_quality",,
"BC0251-1","S1","control","CD4 T","ambient_high",,
"BC0252-1","S4","stimulated","CD4 T","ambient_high",,
"BC0253-1","S4","stimulated","Monocyte","high_quality",,
"BC0254-1","S4","stimulated","CD4 T","high_quality",,
"BC0255-1","S1","control","B","high_quality",,
"BC0256-1","S4","stimulated","CD8 T","high_quality",,
"BC0257-1","S2","control","CD4 T","high_quality",,
"BC0258-1","S4","stimulated","CD4 T","high_quality",,
"BC0259-1","S1","control","Monocyte","high_quality",,
"BC0260-1","S3","stimulated","CD4 T","high_quality",,
"BC0261-1","S2","control","CD4 T","high_quality",,
"BC0262-1","S1","control","B","high_quality",,
"BC0263-1","S3","stimulated","NK","ambient_high",,
"BC0264-1","S2","control","CD4 T","high_quality",,
"BC0265-1","S1","control","Monocyte","high_quality",,
"BC0266-1","S3","stimulated","B","ambient_high",,
"BC0267-1","S4","stimulated","NK","high_quality",,
"BC0268-1","S3","stimulated","Monocyte","high_quality",,
"BC0269-1","S4","stimulated","B","high_quality",,
"BC0270-1","S3","stimulated","B","high_quality",,
"BC0271-1","S2","control","B","high_quality",,
"BC0272-1","S2","control","CD4 T","high_quality",,
"BC0273-1","S3","stimulated","B","high_quality",,
"BC0274-1","S2","control","Monocyte","high_quality",,
"BC0275-1","S2","control","CD8 T","high_quality",,
"BC0276-1","S1","control","Monocyte","stressed",,
"BC0277-1","S1","control","NK","high_quality",,
"BC0278-1","S3","stimulated","Monocyte","low_quality",,
"BC0279-1","S1","control","CD8 T","high_quality",,
"BC0280-1","S4","stimulated","NK","high_quality",,
"BC0281-1","S4","stimulated","Monocyte","high_quality",,
"BC0282-1","S2","control","CD8 T","high_quality",,
"BC0283-1","S2","control","B","high_quality",,
"BC0284-1","S1","control","B","high_quality",,
"BC0285-1","S4","stimulated","CD8 T","high_quality",,
"BC0286-1","S1","control","NK","high_quality",,
"BC0287-1","S1","control","B","high_quality",,
"BC0288-1","S2","control","B","high_quality",,
"BC0289-1","S4","stimulated","CD4 T","high_quality",,
"BC0290-1","S1","control","NK","high_quality",,
"BC0291-1","S2","control","CD8 T","high_quality",,
"BC0292-1","S2","control","B","low_quality",,
"BC0293-1","S1","control","B","high_quality",,
"BC0294-1","S4","stimulated","CD4 T","high_quality",,
"BC0295-1","S3","stimulated","CD4 T","high_quality",,
"BC0296-1","S3","stimulated","B","high_quality",,
"BC0297-1","S1","control","B","high_quality",,
"BC0298-1","S4","stimulated","CD8 T","high_quality",,
"BC0299-1","S3","stimulated","CD4 T","high_quality",,
"BC0300-1","S1","control","B","low_quality",,
"BC0301-1","S4","stimulated","Monocyte","high_quality",,
"BC0302-1","S2","control","CD4 T","high_quality",,
"BC0303-1","S3","stimulated","CD8 T","high_quality",,
"BC0304-1","S2","control","Monocyte","high_quality",,
"BC0305-1","S4","stimulated","CD8 T","high_quality",,
"BC0306-1","S4","stimulated","CD8 T","high_quality",,
"BC0307-1","S2","control","CD8 T","high_quality",,
"BC0308-1","S4","stimulated","Monocyte","high_quality",,
"BC0309-1","S1","control","Monocyte","high_quality",,
"BC0310-1","S4","stimulated","NK","low_quality",,
"BC0311-1","S2","control","CD8 T","high_quality",,
"BC0312-1","S1","control","CD8 T","high_quality",,
"BC0313-1","S1","control","B","high_quality",,
"BC0314-1","S3","stimulated","CD4 T","low_quality",,
"BC0315-1","S3","stimulated","CD4 T","high_quality",,
"BC0316-1","S1","control","CD4 T","high_quality",,
"BC0317-1","S2","control","B","ambient_high",,
"BC0318-1","S3","stimulated","CD4 T","high_quality",,
"BC0319-1","S3","stimulated","CD4 T","high_quality",,
"BC0320-1","S1","control","CD4 T","high_quality",,
"BC0321-1","S3","stimulated","CD4 T","high_quality",,
"BC0322-1","S1","control","B","high_quality",,
"BC0323-1","S3","stimulated","CD8 T","high_quality",,
"BC0324-1","S1","control","CD4 T","high_quality",,
"BC0325-1","S2","control","CD4 T","low_quality",,
"BC0326-1","S2","control","NK","high_quality",,
"BC0327-1","S1","control","NK","high_quality",,
"BC0328-1","S2","control","CD8 T","stressed",,
"BC0329-1","S1","control","CD8 T","low_quality",,
"BC0330-1","S3","stimulated","CD8 T","high_quality",,
"BC0331-1","S2","control","CD8 T","high_quality",,
"BC0332-1","S1","control","B","high_quality",,
"BC0333-1","S1","control","CD8 T","high_quality",,
"BC0334-1","S1","control","Monocyte","high_quality",,
"BC0335-1","S4","stimulated","CD4 T","low_quality",,
"BC0336-1","S1","control","Monocyte","high_quality",,
"BC0337-1","S1","control","CD4 T","high_quality",,
"BC0338-1","S4","stimulated","NK","high_quality",,
"BC0339-1","S4","stimulated","B","low_quality",,
"BC0340-1","S3","stimulated","CD8 T","high_quality",,
"BC0341-1","S3","stimulated","CD8 T","high_quality",,
"BC0342-1","S3","stimulated","NK","high_quality",,
"BC0343-1","S1","control","Monocyte","ambient_high",,
"BC0344-1","S4","stimulated","CD8 T","high_quality",,
"BC0345-1","S1","control","NK","high_quality",,
"BC0346-1","S2","control","CD4 T","low_quality",,
"BC0347-1","S4","stimulated","Monocyte","low_quality",,
"BC0348-1","S4","stimulated","Monocyte","high_quality",,
"BC0349-1","S3","stimulated","NK","stressed",,
"BC0350-1","S4","stimulated","B","high_quality",,
"BC0351-1","S2","control","B","high_quality",,
"BC0352-1","S4","stimulated","CD4 T","high_quality",,
"BC0353-1","S1","control","CD8 T","high_quality",,
"BC0354-1","S2","control","CD8 T","high_quality",,
"BC0355-1","S1","control","Monocyte","low_quality",,
"BC0356-1","S4","stimulated","NK","high_quality",,
"BC0357-1","S2","control","B","high_quality",,
"BC0358-1","S2","control","NK","high_quality",,
"BC0359-1","S3","stimulated","CD8 T","high_quality",,
"BC0360-1","S3","stimulated","CD8 T","high_quality",,
"BC0361-1","S3","stimulated","CD8 T","ambient_high",,
"BC0362-1","S2","control","NK","stressed",,
"BC0363-1","S2","control","CD4 T","high_quality",,
"BC0364-1","S1","control","CD4 T","high_quality",,
"BC0365-1","S1","control","CD4 T","high_quality",,
"BC0366-1","S2","control","NK","high_quality",,
"BC0367-1","S2","control","NK","high_quality",,
"BC0368-1","S1","control","B","ambient_high",,
"BC0369-1","S3","stimulated","CD4 T","high_quality",,
"BC0370-1","S3","stimulated","CD8 T","stressed",,
"BC0371-1","S2","control","NK","high_quality",,
"BC0372-1","S3","stimulated","Monocyte","stressed",,
"BC0373-1","S2","control","Monocyte","high_quality",,
"BC0374-1","S3","stimulated","CD4 T","high_quality",,
"BC0375-1","S4","stimulated","CD8 T","high_quality",,
"BC0376-1","S4","stimulated","B","high_quality",,
"BC0377-1","S1","control","B","high_quality",,
"BC0378-1","S2","control","NK","high_quality",,
"BC0379-1","S3","stimulated","NK","high_quality",,
"BC0380-1","S3","stimulated","CD8 T","high_quality",,
"BC0381-1","S2","control","B","high_quality",,
"BC0382-1","S1","control","CD4 T","high_quality",,
"BC0383-1","S4","stimulated","CD8 T","high_quality",,
"BC0384-1","S2","control","NK","high_quality",,
"BC0385-1","S4","stimulated","Monocyte","high_quality",,
"BC0386-1","S1","control","CD8 T","high_quality",,
"BC0387-1","S2","control","NK","high_quality",,
"BC0388-1","S3","stimulated","Monocyte","low_quality",,
"BC0389-1","S3","stimulated","CD8 T","high_quality",,
"BC0390-1","S3","stimulated","Monocyte","ambient_high",,
"BC0391-1","S1","control","NK","high_quality",,
"BC0392-1","S2","control","CD8 T","stressed",,
"BC0393-1","S1","control","CD4 T","low_quality",,
"BC0394-1","S3","stimulated","CD8 T","high_quality",,
"BC0395-1","S1","control","CD4 T","high_quality",,
"BC0396-1","S2","control","NK","high_quality",,
"BC0397-1","S1","control","NK","high_quality",,
"BC0398-1","S3","stimulated","CD8 T","low_quality",,
"BC0399-1","S2","control","Monocyte","ambient_high",,
"BC0400-1","S1","control","CD8 T","high_quality",,
"BC0401-1","S4","stimulated","Monocyte","high_quality",,
"BC0402-1","S2","control","CD8 T","high_quality",,
"BC0403-1","S1","control","CD4 T","stressed",,
"BC0404-1","S1","control","CD4 T","stressed",,
"BC0405-1","S3","stimulated","CD8 T","high_quality",,
"BC0406-1","S3","stimulated","CD8 T","high_quality",,
"BC0407-1","S3","stimulated","CD8 T","high_quality",,
"BC0408-1","S1","control","Monocyte","low_quality",,
"BC0409-1","S1","control","B","high_quality",,
"BC0410-1","S4","stimulated","CD8 T","high_quality",,
"BC0411-1","S2","control","Monocyte","high_quality",,
"BC0412-1","S2","control","NK","high_quality",,
"BC0413-1","S2","control","NK","high_quality",,
"BC0414-1","S2","control","B","high_quality",,
"BC0415-1","S1","control","Monocyte","high_quality",,
"BC0416-1","S3","stimulated","CD8 T","high_quality",,
"BC0417-1","S3","stimulated","Monocyte","high_quality",,
"BC0418-1","S3","stimulated","B","high_quality",,
"BC0419-1","S4","stimulated","Monocyte","high_quality",,
"BC0420-1","S4","stimulated","CD4 T","high_quality",,
"BC0421-1","S1","control","B","high_quality",,
"BC0422-1","S2","control","CD4 T","high_quality",,
"BC0423-1","S2","control","Monocyte","low_quality",,
"BC0424-1","S2","control","CD4 T","low_quality",,
"BC0425-1","S1","control","Monocyte","high_quality",,
"BC0426-1","S1","control","Monocyte","stressed",,
"BC0427-1","S3","stimulated","B","high_quality",,
"BC0428-1","S1","control","Monocyte","high_quality",,
"BC0429-1","S3","stimulated","CD8 T","ambient_high",,
"BC0430-1","S4","stimulated","CD4 T","high_quality",,
"BC0431-1","S2","control","CD4 T","high_quality",,
"BC0432-1","S4","stimulated","NK","high_quality",,
"BC0433-1","S4","stimulated","CD4 T","high_quality",,
"BC0434-1","S3","stimulated","Monocyte","ambient_high",,
"BC0435-1","S1","control","B","high_quality",,
"BC0436-1","S1","control","NK","ambient_high",,
"BC0437-1","S1","control","NK","stressed",,
"BC0438-1","S2","control","NK","high_quality",,
"BC0439-1","S1","control","B","stressed",,
"BC0440-1","S3","stimulated","B","high_quality",,
"BC0441-1","S1","control","NK","low_quality",,
"BC0442-1","S4","stimulated","CD4 T","high_quality",,
"BC0443-1","S3","stimulated","Monocyte","high_quality",,
"BC0444-1","S1","control","CD4 T","high_quality",,
"BC0445-1","S4","stimulated","B","high_quality",,
"BC0446-1","S1","control","NK","stressed",,
"BC0447-1","S2","control","B","low_quality",,
"BC0448-1","S2","control","Monocyte","high_quality",,
"BC0449-1","S3","stimulated","CD4 T","low_quality",,
"BC0450-1","S4","stimulated","Monocyte","high_quality",,
"BC0451-1","S1","control","CD4 T","ambient_high",,
"BC0452-1","S3","stimulated","Monocyte","high_quality",,
"BC0453-1","S4","stimulated","NK","high_quality",,
"BC0454-1","S2","control","B","high_quality",,
"BC0455-1","S1","control","CD8 T","high_quality",,
"BC0456-1","S3","stimulated","CD4 T","high_quality",,
"BC0457-1","S1","control","Monocyte","high_quality",,
"BC0458-1","S2","control","Monocyte","high_quality",,
"BC0459-1","S3","stimulated","Monocyte","high_quality",,
"BC0460-1","S3","stimulated","B","high_quality",,
"BC0461-1","S3","stimulated","CD8 T","high_quality",,
"BC0462-1","S2","control","CD4 T","high_quality",,
"BC0463-1","S3","stimulated","CD4 T","high_quality",,
"BC0464-1","S1","control","NK","high_quality",,
"BC0465-1","S3","stimulated","Monocyte","stressed",,
"BC0466-1","S1","control","CD4 T","high_quality",,
"BC0467-1","S2","control","B","high_quality",,
"BC0468-1","S1","control","NK","high_quality",,
"BC0469-1","S4","stimulated","B","high_quality",,
"BC0470-1","S2","control","CD4 T","high_quality",,
"BC0471-1","S1","control","CD4 T","high_quality",,
"BC0472-1","S2","control","Monocyte","high_quality",,
"BC0473-1","S4","stimulated","NK","high_quality",,
"BC0474-1","S1","control","Monocyte","high_quality",,
"BC0475-1","S4","stimulated","CD8 T","stressed",,
"BC0476-1","S4","stimulated","CD4 T","high_quality",,
"BC0477-1","S4","stimulated","B","ambient_high",,
"BC0478-1","S4","stimulated","B","high_quality",,
"BC0479-1","S4","stimulated","Monocyte","high_quality",,
"BC0480-1","S4","stimulated","CD4 T","low_quality",,
"BC0481-1","S4","stimulated","CD4 T","high_quality",,
"BC0482-1","S4","stimulated","CD4 T","high_quality",,
"BC0483-1","S4","stimulated","B","high_quality",,
"BC0484-1","S4","stimulated","CD4 T","ambient_high",,
"BC0485-1","S1","control","CD8 T","high_quality",,
"BC0486-1","S4","stimulated","NK","high_quality",,
"BC0487-1","S1","control","CD4 T","high_quality",,
"BC0488-1","S2","control","CD4 T","high_quality",,
"BC0489-1","S4","stimulated","CD8 T","high_quality",,
"BC0490-1","S2","control","Monocyte","low_quality",,
"BC0491-1","S1","control","CD8 T","ambient_high",,
"BC0492-1","S2","control","CD4 T","high_quality",,
"BC0493-1","S4","stimulated","B","high_quality",,
"BC0494-1","S3","stimulated","NK","stressed",,
"BC0495-1","S4","stimulated","B","ambient_high",,
"BC0496-1","S2","control","CD8 T","high_quality",,
"BC0497-1","S2","control","CD8 T","high_quality",,
"BC0498-1","S1","control","B","high_quality",,
"BC0499-1","S2","control","B","high_quality",,
"BC0500-1","S1","control","CD4 T","high_quality",,
"BC0501-1","S1","control","CD8 T","high_quality",,
"BC0502-1","S1","control","CD4 T","high_quality",,
"BC0503-1","S3","stimulated","CD4 T","high_quality",,
"BC0504-1","S3","stimulated","CD4 T","high_quality",,
"BC0505-1","S3","stimulated","CD4 T","high_quality",,
"BC0506-1","S3","stimulated","CD8 T","high_quality",,
"BC0507-1","S4","stimulated","CD8 T","high_quality",,
"BC0508-1","S1","control","CD4 T","high_quality",,
"BC0509-1","S2","control","B","high_quality",,
"BC0510-1","S4","stimulated","NK","high_quality",,
"BC0511-1","S4","stimulated","Monocyte","high_quality",,
"BC0512-1","S4","stimulated","NK","high_quality",,
"BC0513-1","S1","control","B","high_quality",,
"BC0514-1","S1","control","B","high_quality",,
"BC0515-1","S4","stimulated","B","high_quality",,
"BC0516-1","S4","stimulated","CD4 T","high_quality",,
"BC0517-1","S1","control","CD4 T","low_quality",,
"BC0518-1","S3","stimulated","Monocyte","high_quality",,
"BC0519-1","S4","stimulated","Monocyte","high_quality",,
"BC0520-1","S4","stimulated","CD4 T","high_quality",,
"BC0521-1","S3","stimulated","NK","low_quality",,
"BC0522-1","S3","stimulated","Monocyte","high_quality",,
"BC0523-1","S1","control","CD8 T","high_quality",,
"BC0524-1","S3","stimulated","Monocyte","high_quality",,
"BC0525-1","S2","control","B","high_quality",,
"BC0526-1","S3","stimulated","CD4 T","high_quality",,
"BC0527-1","S2","control","B","high_quality",,
"BC0528-1","S4","stimulated","B","high_quality",,
"BC0529-1","S1","control","CD4 T","high_quality",,
"BC0530-1","S4","stimulated","CD4 T","high_quality",,
"BC0531-1","S3","stimulated","NK","high_quality",,
"BC0532-1","S3","stimulated","B","stressed",,
"BC0533-1","S3","stimulated","B","high_quality",,
"BC0534-1","S2","control","NK","high_quality",,
"BC0535-1","S1","control","Monocyte","high_quality",,
"BC0536-1","S4","stimulated","Monocyte","high_quality",,
"BC0537-1","S1","control","NK","high_quality",,
"BC0538-1","S3","stimulated","NK","high_quality",,
"BC0539-1","S1","control","NK","stressed",,
"BC0540-1","S2","control","CD8 T","low_quality",,
"BC0541-1","S4","stimulated","CD4 T","high_quality",,
"BC0542-1","S4","stimulated","CD4 T","ambient_high",,
"BC0543-1","S2","control","CD4 T","ambient_high",,
"BC0544-1","S1","control","CD4 T","low_quality",,
"BC0545-1","S1","control","CD4 T","high_quality",,
"BC0546-1","S3","stimulated","CD4 T","high_quality",,
"BC0547-1","S2","control","CD8 T","high_quality",,
"BC0548-1","S2","control","CD8 T","high_quality",,
"BC0549-1","S1","control","NK","high_quality",,
"BC0550-1","S1","control","CD4 T","high_quality",,
"BC0551-1","S4","stimulated","Monocyte","high_quality",,
"BC0552-1","S1","control","B","high_quality",,
"BC0553-1","S2","control","Monocyte","high_quality",,
"BC0554-1","S2","control","CD8 T","high_quality",,
"BC0555-1","S2","control","CD4 T","high_quality",,
"BC0556-1","S4","stimulated","CD4 T","high_quality",,
"BC0557-1","S2","control","Monocyte","high_quality",,
"BC0558-1","S3","stimulated","CD8 T","stressed",,
"BC0559-1","S2","control","CD4 T","ambient_high",,
"BC0560-1","S3","stimulated","CD4 T","high_quality",,
"BC0561-1","S3","stimulated","NK","high_quality",,
"BC0562-1","S4","stimulated","CD8 T","high_quality",,
"BC0563-1","S1","control","CD4 T","high_quality",,
"BC0564-1","S2","control","CD8 T","high_quality",,
"BC0565-1","S1","control","CD8 T","high_quality",,
"BC0566-1","S2","control","CD4 T","high_quality",,
"BC0567-1","S1","control","CD8 T","high_quality",,
"BC0568-1","S2","control","Monocyte","high_quality",,
"BC0569-1","S3","stimulated","B","high_quality",,
"BC0570-1","S4","stimulated","NK","high_quality",,
"BC0571-1","S3","stimulated","CD8 T","stressed",,
"BC0572-1","S4","stimulated","CD4 T","high_quality",,
"BC0573-1","S1","control","CD4 T","high_quality",,
"BC0574-1","S3","stimulated","NK","high_quality",,
"BC0575-1","S2","control","Monocyte","high_quality",,
"BC0576-1","S3","stimulated","CD8 T","high_quality",,
"BC0577-1","S4","stimulated","CD8 T","low_quality",,
"BC0578-1","S1","control","CD4 T","high_quality",,
"BC0579-1","S4","stimulated","CD8 T","high_quality",,
"BC0580-1","S2","control","Monocyte","high_quality",,
"BC0581-1","S3","stimulated","CD8 T","high_quality",,
"BC0582-1","S1","control","CD8 T","high_quality",,
"BC0583-1","S4","stimulated","CD4 T","high_quality",,
"BC0584-1","S3","stimulated","Monocyte","high_quality",,
"BC0585-1","S1","control","B","high_quality",,
"BC0586-1","S1","control","CD8 T","low_quality",,
"BC0587-1","S4","stimulated","CD4 T","ambient_high",,
"BC0588-1","S3","stimulated","B","high_quality",,
"BC0589-1","S1","control","CD4 T","high_quality",,
"BC0590-1","S2","control","NK","high_quality",,
"BC0591-1","S2","control","NK","stressed",,
"BC0592-1","S4","stimulated","CD8 T","high_quality",,
"BC0593-1","S3","stimulated","B","high_quality",,
"BC0594-1","S1","control","NK","stressed",,
"BC0595-1","S1","control","CD8 T","high_quality",,
"BC0596-1","S1","control","CD8 T","high_quality",,
"BC0597-1","S1","control","B","high_quality",,
"BC0598-1","S2","control","CD8 T","high_quality",,
"BC0599-1","S2","control","B","ambient_high",,
"BC0600-1","S3","stimulated","CD8 T","ambient_high",,
"BC0601-1","S2","control","CD4 T","high_quality",,
"BC0602-1","S3","stimulated","B","high_quality",,
"BC0603-1","S1","control","NK","ambient_high",,
"BC0604-1","S3","stimulated","CD4 T","high_quality",,
"BC0605-1","S2","control","B","low_quality",,
"BC0606-1","S4","stimulated","NK","high_quality",,
"BC0607-1","S1","control","CD8 T","high_quality",,
"BC0608-1","S3","stimulated","Monocyte","high_quality",,
"BC0609-1","S2","control","CD8 T","high_quality",,
"BC0610-1","S3","stimulated","Monocyte","high_quality",,
"BC0611-1","S3","stimulated","CD8 T","high_quality",,
"BC0612-1","S3","stimulated","CD4 T","high_quality",,
"BC0613-1","S1","control","CD4 T","high_quality",,
"BC0614-1","S4","stimulated","Monocyte","high_quality",,
"BC0615-1","S1","control","CD4 T","low_quality",,
"BC0616-1","S4","stimulated","CD8 T","high_quality",,
"BC0617-1","S4","stimulated","Monocyte","high_quality",,
"BC0618-1","S3","stimulated","CD4 T","high_quality",,
"BC0619-1","S4","stimulated","Monocyte","high_quality",,
"BC0620-1","S4","stimulated","NK","low_quality",,
"BC0621-1","S3","stimulated","CD4 T","high_quality",,
"BC0622-1","S2","control","Monocyte","high_quality",,
"BC0623-1","S2","control","CD4 T","high_quality",,
"BC0624-1","S4","stimulated","NK","high_quality",,
"BC0625-1","S2","control","CD4 T","high_quality",,
"BC0626-1","S4","stimulated","Monocyte","stressed",,
"BC0627-1","S2","control","NK","stressed",,
"BC0628-1","S3","stimulated","NK","high_quality",,
"BC0629-1","S1","control","B","high_quality",,
"BC0630-1","S4","stimulated","CD4 T","high_quality",,
"BC0631-1","S3","stimulated","CD4 T","stressed",,
"BC0632-1","S4","stimulated","B","high_quality",,
"BC0633-1","S3","stimulated","NK","high_quality",,
"BC0634-1","S3","stimulated","Monocyte","high_quality",,
"BC0635-1","S3","stimulated","CD4 T","high_quality",,
"BC0636-1","S4","stimulated","B","low_quality",,
"BC0637-1","S3","stimulated","NK","high_quality",,
"BC0638-1","S2","control","CD8 T","stressed",,
"BC0639-1","S1","control","B","high_quality",,
"BC0640-1","S4","stimulated","CD8 T","high_quality",,
"BC0641-1","S1","control","Doublet","doublet","B","Monocyte"
"BC0642-1","S2","control","Doublet","doublet","CD4 T","CD4 T"
"BC0643-1","S2","control","Doublet","doublet","Monocyte","CD4 T"
"BC0644-1","S4","stimulated","Doublet","doublet","B","Monocyte"
"BC0645-1","S1","control","Doublet","doublet","B","B"
"BC0646-1","S1","control","Doublet","doublet","Monocyte","CD8 T"
"BC0647-1","S1","control","Doublet","doublet","CD8 T","B"
"BC0648-1","S1","control","Doublet","doublet","B","NK"
"BC0649-1","S4","stimulated","Doublet","doublet","B","NK"
"BC0650-1","S2","control","Doublet","doublet","Monocyte","CD8 T"
"BC0651-1","S3","stimulated","Doublet","doublet","NK","NK"
"BC0652-1","S4","stimulated","Doublet","doublet","CD8 T","CD4 T"
"BC0653-1","S1","control","Doublet","doublet","CD4 T","CD8 T"
"BC0654-1","S1","control","Doublet","doublet","CD4 T","CD4 T"
"BC0655-1","S2","control","Doublet","doublet","NK","B"
"BC0656-1","S1","control","Doublet","doublet","Monocyte","CD4 T"
"BC0657-1","S3","stimulated","Doublet","doublet","Monocyte","Monocyte"
"BC0658-1","S3","stimulated","Doublet","doublet","Monocyte","CD8 T"
"BC0659-1","S2","control","Doublet","doublet","NK","CD8 T"
"BC0660-1","S4","stimulated","Doublet","doublet","NK","NK"
"BC0661-1","S2","control","Doublet","doublet","Monocyte","CD4 T"
"BC0662-1","S2","control","Doublet","doublet","CD8 T","NK"
"BC0663-1","S1","control","Doublet","doublet","CD4 T","Monocyte"
"BC0664-1","S3","stimulated","Doublet","doublet","NK","CD8 T"
"BC0665-1","S1","control","Doublet","doublet","B","NK"
"BC0666-1","S2","control","Doublet","doublet","Monocyte","CD4 T"
"BC0667-1","S3","stimulated","Doublet","doublet","CD8 T","CD8 T"
"BC0668-1","S4","stimulated","Doublet","doublet","CD4 T","B"
"BC0669-1","S2","control","Doublet","doublet","NK","NK"
"BC0670-1","S1","control","Doublet","doublet","NK","CD8 T"
"BC0671-1","S4","empty","Empty droplet","empty_droplet",,
"BC0672-1","S1","empty","Empty droplet","empty_droplet",,
"BC0673-1","S4","empty","Empty droplet","empty_droplet",,
"BC0674-1","S2","empty","Empty droplet","empty_droplet",,
"BC0675-1","S1","empty","Empty droplet","empty_droplet",,
"BC0676-1","S1","empty","Empty droplet","empty_droplet",,
"BC0677-1","S4","empty","Empty droplet","empty_droplet",,
"BC0678-1","S2","empty","Empty droplet","empty_droplet",,
"BC0679-1","S2","empty","Empty droplet","empty_droplet",,
"BC0680-1","S3","empty","Empty droplet","empty_droplet",,
"BC0681-1","S2","empty","Empty droplet","empty_droplet",,
"BC0682-1","S2","empty","Empty droplet","empty_droplet",,
"BC0683-1","S3","empty","Empty droplet","empty_droplet",,
"BC0684-1","S3","empty","Empty droplet","empty_droplet",,
"BC0685-1","S1","empty","Empty droplet","empty_droplet",,
"BC0686-1","S4","empty","Empty droplet","empty_droplet",,
"BC0687-1","S2","empty","Empty droplet","empty_droplet",,
"BC0688-1","S3","empty","Empty droplet","empty_droplet",,
"BC0689-1","S2","empty","Empty droplet","empty_droplet",,
"BC0690-1","S4","empty","Empty droplet","empty_droplet",,
"BC0691-1","S3","empty","Empty droplet","empty_droplet",,
"BC0692-1","S1","empty","Empty droplet","empty_droplet",,
"BC0693-1","S2","empty","Empty droplet","empty_droplet",,
"BC0694-1","S4","empty","Empty droplet","empty_droplet",,
"BC0695-1","S1","empty","Empty droplet","empty_droplet",,
"BC0696-1","S2","empty","Empty droplet","empty_droplet",,
"BC0697-1","S3","empty","Empty droplet","empty_droplet",,
"BC0698-1","S2","empty","Empty droplet","empty_droplet",,
"BC0699-1","S3","empty","Empty droplet","empty_droplet",,
"BC0700-1","S1","empty","Empty droplet","empty_droplet",,
